"Дата","Цена","Откр.","Макс.","Мин.","Объём","Изм. %"
"22.02.2024","3.241,8","3.255,0","3.285,0","3.204,0","1,40M","-0,14%"
"21.02.2024","3.246,2","3.314,6","3.342,0","3.173,8","3,11M","-2,06%"
"20.02.2024","3.314,6","3.311,0","3.392,8","3.273,8","2,71M","0,13%"
"19.02.2024","3.310,4","3.424,8","3.444,0","3.282,6","1,95M","-3,12%"
"16.02.2024","3.417,0","3.445,0","3.464,0","3.362,0","2,46M","-0,79%"
"15.02.2024","3.444,2","3.440,6","3.497,4","3.393,2","2,91M","0,14%"
"14.02.2024","3.439,4","3.483,0","3.543,8","3.392,2","3,43M","-1,08%"
"13.02.2024","3.477,0","3.320,0","3.497,4","3.292,4","4,11M","5,22%"
"12.02.2024","3.304,6","3.296,0","3.317,0","3.226,0","1,66M","0,43%"
"09.02.2024","3.290,4","3.321,2","3.340,0","3.204,0","2,73M","-0,48%"
"08.02.2024","3.306,2","3.339,0","3.432,0","3.242,8","9,58M","-0,57%"
"07.02.2024","3.325,0","3.118,2","3.363,6","3.110,4","7,86M","6,96%"
"06.02.2024","3.108,6","3.044,0","3.137,0","3.019,2","3,49M","2,02%"
"05.02.2024","3.047,0","2.900,0","3.086,6","2.870,0","11,21M","-3,67%"
"02.02.2024","3.163,0","3.118,8","3.169,6","3.059,8","3,02M","1,77%"
"01.02.2024","3.108,0","3.025,0","3.130,0","3.002,2","2,74M","2,71%"
"31.01.2024","3.026,0","3.100,0","3.117,8","3.019,4","2,39M","-1,69%"
"30.01.2024","3.078,0","2.999,0","3.138,8","2.966,0","6,30M","2,77%"
"29.01.2024","2.995,0","2.900,0","2.996,6","2.896,4","3,23M","4,25%"
"26.01.2024","2.873,0","2.789,4","2.895,0","2.778,8","4,14M","3,38%"
"25.01.2024","2.779,0","2.650,0","2.798,0","2.633,6","2,80M","5,03%"
"24.01.2024","2.645,8","2.636,0","2.658,8","2.615,0","817,02K","0,39%"
"23.01.2024","2.635,4","2.661,0","2.690,0","2.612,2","1,66M","1,32%"
"22.01.2024","2.601,0","2.573,0","2.615,4","2.551,0","558,60K","1,21%"
"19.01.2024","2.569,8","2.607,0","2.607,0","2.550,0","806,52K","-1,00%"
"18.01.2024","2.595,8","2.654,4","2.660,0","2.590,8","828,43K","-2,13%"
"17.01.2024","2.652,4","2.639,6","2.674,8","2.635,2","494,22K","0,20%"
"16.01.2024","2.647,2","2.699,0","2.699,0","2.630,6","956,55K","-1,60%"
"15.01.2024","2.690,2","2.645,0","2.695,0","2.642,2","1,01M","2,25%"
"12.01.2024","2.631,0","2.610,0","2.644,0","2.606,0","746,86K","1,00%"
"11.01.2024","2.605,0","2.587,0","2.614,6","2.583,6","551,08K","0,72%"
"10.01.2024","2.586,4","2.607,0","2.615,2","2.573,4","526,90K","-0,79%"
"09.01.2024","2.607,0","2.629,8","2.629,8","2.584,0","628,30K","-0,15%"
"08.01.2024","2.611,0","2.584,0","2.618,8","2.579,2","673,21K","1,33%"
"05.01.2024","2.576,8","2.568,4","2.586,6","2.566,2","264,68K","0,34%"
"04.01.2024","2.568,0","2.570,4","2.580,4","2.554,4","397,78K","-0,50%"
"03.01.2024","2.581,0","2.560,0","2.593,0","2.542,0","427,50K","1,61%"
"29.12.2023","2.540,0","2.535,0","2.566,0","2.505,6","860,51K","0,35%"
"28.12.2023","2.531,2","2.594,2","2.610,0","2.520,0","2,11M","-0,74%"
"27.12.2023","2.550,0","2.428,0","2.574,6","2.428,0","2,79M","5,04%"
"26.12.2023","2.427,6","2.399,8","2.439,8","2.361,0","1,54M","1,29%"
"25.12.2023","2.396,6","2.300,0","2.455,8","2.297,0","4,17M","4,39%"
"22.12.2023","2.295,8","2.267,2","2.303,8","2.266,2","802,70K","1,26%"
"21.12.2023","2.267,2","2.279,0","2.286,8","2.245,2","944,84K","-0,94%"
"20.12.2023","2.288,8","2.247,0","2.318,8","2.242,6","2,25M","2,08%"
"19.12.2023","2.242,2","2.250,2","2.274,0","2.231,8","899,86K","-0,36%"
"18.12.2023","2.250,4","2.228,8","2.271,0","2.217,4","1,39M","1,17%"
"15.12.2023","2.224,4","2.162,0","2.244,0","2.116,2","2,09M","3,10%"
"14.12.2023","2.157,6","2.276,0","2.276,0","2.140,0","1,56M","-4,82%"
"13.12.2023","2.266,8","2.243,0","2.288,0","2.230,2","1,09M","0,43%"
"12.12.2023","2.257,0","2.218,0","2.284,4","2.201,0","1,88M","2,24%"
"11.12.2023","2.207,6","2.339,0","2.343,8","2.191,4","2,09M","-5,56%"
"08.12.2023","2.337,6","2.365,0","2.385,0","2.335,2","696,95K","-0,52%"
"07.12.2023","2.349,8","2.327,0","2.367,6","2.296,2","1,01M","1,26%"
"06.12.2023","2.320,6","2.420,2","2.428,8","2.301,0","1,30M","-4,05%"
"05.12.2023","2.418,6","2.419,8","2.433,0","2.385,0","646,26K","0,87%"
"04.12.2023","2.397,8","2.420,0","2.436,8","2.365,6","1,24M","-0,94%"
"01.12.2023","2.420,6","2.525,0","2.548,0","2.410,0","1,68M","-4,07%"
"30.11.2023","2.523,4","2.575,0","2.603,8","2.501,0","1,10M","-1,97%"
"29.11.2023","2.574,0","2.602,0","2.628,8","2.563,6","903,23K","-1,10%"
"28.11.2023","2.602,6","2.599,4","2.628,0","2.591,0","809,72K","0,36%"
"27.11.2023","2.593,2","2.593,4","2.659,4","2.587,0","1,90M","-0,05%"
"24.11.2023","2.594,6","2.569,8","2.616,4","2.560,0","1,01M","1,38%"
"23.11.2023","2.559,2","2.583,0","2.598,0","2.540,0","585,44K","-0,55%"
"22.11.2023","2.573,4","2.578,6","2.599,0","2.568,0","486,33K","0,03%"
"21.11.2023","2.572,6","2.570,0","2.587,8","2.563,0","341,51K","-0,03%"
"20.11.2023","2.573,4","2.572,4","2.589,2","2.557,0","573,76K","0,05%"
"17.11.2023","2.572,0","2.569,0","2.593,6","2.546,0","478,47K","0,12%"
"16.11.2023","2.569,0","2.620,0","2.631,2","2.564,6","1,16M","-1,95%"
"15.11.2023","2.620,0","2.590,0","2.651,8","2.590,0","883,28K","0,77%"
"14.11.2023","2.600,0","2.571,0","2.677,8","2.531,6","2,31M","0,88%"
"13.11.2023","2.577,2","2.598,0","2.599,8","2.568,6","471,74K","-0,83%"
"10.11.2023","2.598,8","2.619,0","2.620,0","2.587,8","346,45K","-0,49%"
"09.11.2023","2.611,6","2.619,0","2.623,4","2.582,6","584,29K","-0,12%"
"08.11.2023","2.614,8","2.639,0","2.661,8","2.605,0","596,37K","-0,70%"
"07.11.2023","2.633,2","2.638,0","2.645,0","2.616,6","307,71K","-0,18%"
"06.11.2023","2.638,0","2.612,8","2.653,2","2.606,2","300,34K","0,96%"
"03.11.2023","2.613,0","2.633,6","2.638,2","2.594,2","543,03K","-0,48%"
"02.11.2023","2.625,6","2.649,8","2.665,0","2.603,0","643,11K","-0,54%"
"01.11.2023","2.639,8","2.611,8","2.672,2","2.600,0","818,56K","1,06%"
"31.10.2023","2.612,0","2.595,0","2.640,0","2.557,0","1,05M","0,32%"
"30.10.2023","2.603,6","2.666,8","2.677,0","2.600,2","818,17K","-2,36%"
"27.10.2023","2.666,6","2.684,8","2.736,0","2.620,0","2,31M","-0,59%"
"26.10.2023","2.682,4","2.760,0","2.772,4","2.675,0","1,76M","-1,99%"
"25.10.2023","2.737,0","2.727,0","2.750,0","2.700,0","1,01M","0,43%"
"24.10.2023","2.725,2","2.670,0","2.730,0","2.632,4","1,23M","1,79%"
"23.10.2023","2.677,2","2.690,0","2.717,4","2.656,8","979,39K","-0,08%"
"20.10.2023","2.679,4","2.668,8","2.700,0","2.611,0","1,96M","0,71%"
"19.10.2023","2.660,6","2.520,8","2.675,4","2.517,0","3,28M","5,28%"
"18.10.2023","2.527,2","2.522,2","2.539,0","2.511,8","542,56K","-0,01%"
"17.10.2023","2.527,4","2.527,0","2.540,6","2.509,6","536,97K","-0,10%"
"16.10.2023","2.530,0","2.528,8","2.552,0","2.520,8","676,54K","0,69%"
"13.10.2023","2.512,6","2.470,0","2.534,0","2.466,0","1,24M","1,93%"
"12.10.2023","2.465,0","2.435,0","2.472,0","2.421,0","522,58K","0,86%"
"11.10.2023","2.444,0","2.490,8","2.500,0","2.420,0","646,51K","-1,66%"
"10.10.2023","2.485,2","2.478,0","2.507,8","2.454,2","831,59K","0,31%"
"09.10.2023","2.477,4","2.482,4","2.498,8","2.470,0","511,22K","-0,19%"
"06.10.2023","2.482,2","2.492,8","2.516,8","2.468,0","1,53M","0,09%"
"05.10.2023","2.480,0","2.390,0","2.483,6","2.360,2","2,26M","4,22%"
"04.10.2023","2.379,6","2.384,0","2.410,0","2.373,2","718,75K","-0,30%"
"03.10.2023","2.386,8","2.390,0","2.414,4","2.367,2","658,79K","-0,38%"
"02.10.2023","2.395,8","2.415,0","2.434,0","2.377,6","763,36K","-0,27%"
"29.09.2023","2.402,2","2.448,8","2.449,4","2.392,0","898,92K","-1,52%"
"28.09.2023","2.439,4","2.457,0","2.475,2","2.422,8","835,80K","-0,59%"
"27.09.2023","2.453,8","2.405,0","2.466,0","2.390,4","997,25K","2,63%"
"26.09.2023","2.391,0","2.390,8","2.411,8","2.352,8","707,58K","0,00%"
"25.09.2023","2.391,0","2.428,4","2.428,4","2.369,6","543,85K","-0,80%"
"22.09.2023","2.410,2","2.355,2","2.435,0","2.323,2","986,09K","2,33%"
"21.09.2023","2.355,4","2.401,4","2.419,0","2.350,8","1,15M","-2,59%"
"20.09.2023","2.418,0","2.456,8","2.460,0","2.358,0","1,50M","-0,99%"
"19.09.2023","2.442,2","2.527,0","2.527,0","2.422,2","1,28M","-3,01%"
"18.09.2023","2.518,0","2.594,0","2.620,0","2.508,8","820,16K","-1,95%"
"15.09.2023","2.568,0","2.499,0","2.588,0","2.485,0","630,96K","2,36%"
"14.09.2023","2.508,8","2.551,4","2.561,2","2.450,2","1,13M","-1,65%"
"13.09.2023","2.550,8","2.580,2","2.633,0","2.535,6","1,04M","-1,10%"
"12.09.2023","2.579,2","2.497,0","2.598,0","2.497,0","1,05M","3,63%"
"11.09.2023","2.488,8","2.567,0","2.584,8","2.470,0","1,19M","-2,31%"
"08.09.2023","2.547,6","2.585,6","2.609,0","2.526,2","864,92K","-1,47%"
"07.09.2023","2.585,6","2.664,8","2.673,4","2.555,2","1,56M","-2,96%"
"06.09.2023","2.664,6","2.730,0","2.733,0","2.653,0","950,62K","-2,27%"
"05.09.2023","2.726,6","2.744,8","2.754,8","2.711,2","588,47K","-0,63%"
"04.09.2023","2.744,0","2.690,0","2.756,0","2.688,8","1,17M","2,00%"
"01.09.2023","2.690,2","2.690,0","2.700,0","2.670,0","418,29K","0,04%"
"31.08.2023","2.689,0","2.668,0","2.694,0","2.641,8","599,95K","0,78%"
"30.08.2023","2.668,2","2.689,2","2.708,0","2.654,6","572,95K","-1,13%"
"29.08.2023","2.698,8","2.666,6","2.710,0","2.666,0","803,01K","1,08%"
"28.08.2023","2.670,0","2.655,0","2.685,0","2.652,0","563,68K","0,81%"
"25.08.2023","2.648,6","2.649,4","2.669,8","2.630,4","416,41K","0,01%"
"24.08.2023","2.648,4","2.630,0","2.660,4","2.619,6","468,08K","1,71%"
"23.08.2023","2.604,0","2.714,0","2.720,0","2.589,6","1,28M","-3,94%"
"22.08.2023","2.710,8","2.676,8","2.718,4","2.650,0","1,03M","1,82%"
"21.08.2023","2.662,4","2.612,0","2.674,4","2.582,0","964,27K","2,31%"
"18.08.2023","2.602,2","2.581,6","2.609,0","2.537,8","819,58K","0,80%"
"17.08.2023","2.581,6","2.597,6","2.623,0","2.528,0","1,11M","0,43%"
"16.08.2023","2.570,6","2.630,0","2.645,0","2.450,2","1,59M","-1,73%"
"15.08.2023","2.615,8","2.599,2","2.695,6","2.540,0","1,11M","0,22%"
"14.08.2023","2.610,0","2.712,4","2.732,0","2.605,0","1,38M","-3,48%"
"11.08.2023","2.704,2","2.718,6","2.729,0","2.685,2","628,95K","-0,51%"
"10.08.2023","2.718,0","2.730,0","2.765,0","2.661,8","2,10M","-0,19%"
"09.08.2023","2.723,2","2.732,2","2.748,0","2.694,4","666,38K","-0,20%"
"08.08.2023","2.728,6","2.700,0","2.730,0","2.627,2","1,05M","0,72%"
"07.08.2023","2.709,0","2.750,0","2.795,6","2.662,4","1,19M","-0,81%"
"04.08.2023","2.731,0","2.785,4","2.872,0","2.657,4","3,36M","-1,76%"
"03.08.2023","2.780,0","2.709,4","2.785,0","2.695,0","1,25M","2,61%"
"02.08.2023","2.709,4","2.670,0","2.727,0","2.666,2","1,65M","1,48%"
"01.08.2023","2.670,0","2.635,0","2.717,2","2.612,8","1,68M","1,33%"
"31.07.2023","2.635,0","2.641,8","2.652,8","2.605,0","1,02M","-0,04%"
"28.07.2023","2.636,0","2.630,0","2.642,0","2.613,0","771,51K","0,23%"
"27.07.2023","2.630,0","2.665,6","2.685,0","2.616,0","1,78M","-0,95%"
"26.07.2023","2.655,2","2.642,4","2.666,4","2.611,6","1,11M","0,48%"
"25.07.2023","2.642,6","2.640,0","2.662,0","2.611,2","1,33M","0,48%"
"24.07.2023","2.630,0","2.542,8","2.633,8","2.537,0","1,38M","3,87%"
"21.07.2023","2.532,0","2.492,4","2.537,6","2.492,4","672,09K","1,60%"
"20.07.2023","2.492,2","2.571,6","2.578,6","2.481,0","1,18M","-3,09%"
"19.07.2023","2.571,6","2.590,0","2.609,0","2.550,8","951,27K","-0,71%"
"18.07.2023","2.590,0","2.538,4","2.600,0","2.536,0","1,11M","2,03%"
"17.07.2023","2.538,4","2.515,0","2.580,6","2.491,0","1,40M","-0,65%"
"14.07.2023","2.555,0","2.464,6","2.557,6","2.450,0","1,75M","3,67%"
"13.07.2023","2.464,6","2.457,0","2.479,0","2.425,6","673,64K","0,80%"
"12.07.2023","2.445,0","2.471,0","2.477,6","2.420,4","643,43K","-0,69%"
"11.07.2023","2.462,0","2.409,0","2.463,2","2.404,2","777,46K","2,26%"
"10.07.2023","2.407,6","2.371,0","2.408,0","2.355,0","763,29K","1,78%"
"07.07.2023","2.365,6","2.390,0","2.390,0","2.337,0","713,31K","-1,03%"
"06.07.2023","2.390,2","2.406,0","2.427,8","2.370,0","493,09K","-0,56%"
"05.07.2023","2.403,6","2.382,0","2.421,0","2.370,0","479,32K","1,59%"
"04.07.2023","2.366,0","2.407,2","2.416,0","2.296,0","788,58K","-1,53%"
"03.07.2023","2.402,8","2.456,4","2.457,0","2.381,0","683,15K","-1,51%"
"30.06.2023","2.439,6","2.473,0","2.487,4","2.420,6","395,91K","-1,17%"
"29.06.2023","2.468,6","2.479,0","2.497,0","2.458,2","498,11K","0,27%"
"28.06.2023","2.462,0","2.438,4","2.472,0","2.420,2","879,77K","1,26%"
"27.06.2023","2.431,4","2.398,0","2.443,8","2.351,8","961,89K","2,20%"
"26.06.2023","2.379,0","2.415,0","2.448,0","2.294,0","1,93M","-0,60%"
"23.06.2023","2.393,4","2.482,4","2.487,6","2.372,0","1,87M","-3,98%"
"22.06.2023","2.492,6","2.529,2","2.537,2","2.474,0","463,16K","-1,46%"
"21.06.2023","2.529,6","2.517,4","2.542,0","2.490,8","508,84K","0,76%"
"20.06.2023","2.510,6","2.504,0","2.560,0","2.461,0","834,07K","0,01%"
"19.06.2023","2.510,4","2.546,8","2.555,6","2.475,0","1,03M","-1,44%"
"16.06.2023","2.547,0","2.607,8","2.615,0","2.500,8","2,37M","-2,04%"
"15.06.2023","2.600,0","2.640,8","2.649,0","2.557,0","1,33M","-0,76%"
"14.06.2023","2.620,0","2.570,0","2.655,0","2.550,4","1,54M","2,07%"
"13.06.2023","2.566,8","2.506,6","2.568,0","2.470,0","947,74K","2,40%"
"09.06.2023","2.506,6","2.532,6","2.557,0","2.481,0","1,36M","-0,53%"
"08.06.2023","2.520,0","2.427,0","2.523,0","2.426,0","2,59M","3,90%"
"07.06.2023","2.425,4","2.323,2","2.430,0","2.310,6","1,49M","4,40%"
"06.06.2023","2.323,2","2.290,0","2.334,6","2.260,2","685,50K","0,75%"
"05.06.2023","2.305,8","2.340,0","2.383,2","2.282,0","929,86K","-1,61%"
"02.06.2023","2.343,6","2.324,8","2.348,0","2.292,2","557,31K","1,31%"
"01.06.2023","2.313,4","2.328,2","2.356,0","2.294,8","659,18K","-0,46%"
"31.05.2023","2.324,2","2.299,6","2.353,0","2.244,2","1,04M","0,89%"
"30.05.2023","2.303,6","2.315,0","2.385,0","2.263,0","1,70M","-3,62%"
"29.05.2023","2.390,0","2.335,0","2.410,0","2.295,6","1,49M","2,93%"
"26.05.2023","2.322,0","2.356,0","2.357,6","2.294,2","1,09M","-1,19%"
"25.05.2023","2.350,0","2.222,0","2.350,0","2.165,6","3,41M","5,86%"
"24.05.2023","2.220,0","2.244,0","2.256,4","2.172,2","1,04M","-1,02%"
"23.05.2023","2.242,8","2.318,0","2.330,0","2.212,2","1,43M","-2,49%"
"22.05.2023","2.300,0","2.300,0","2.371,4","2.235,0","3,77M","3,45%"
"19.05.2023","2.223,2","2.033,0","2.285,4","2.020,0","6,56M","9,37%"
"18.05.2023","2.032,8","2.064,0","2.072,8","2.026,0","443,68K","-1,22%"
"17.05.2023","2.058,0","2.047,4","2.077,8","2.028,0","453,02K","0,61%"
"16.05.2023","2.045,6","2.056,6","2.063,6","2.022,0","370,19K","-0,20%"
"15.05.2023","2.049,6","2.020,0","2.050,0","2.013,2","414,17K","1,87%"
"12.05.2023","2.012,0","2.000,0","2.017,0","1.991,0","355,08K","0,24%"
"11.05.2023","2.007,2","2.030,0","2.052,0","1.961,0","1,24M","-0,08%"
"10.05.2023","2.008,8","1.956,0","2.012,0","1.945,8","657,35K","3,39%"
"08.05.2023","1.943,0","1.949,0","1.969,0","1.930,4","166,17K","-0,26%"
"05.05.2023","1.948,0","1.979,4","1.988,2","1.946,2","426,61K","-1,60%"
"04.05.2023","1.979,6","1.935,0","1.992,4","1.930,2","712,32K","2,55%"
"03.05.2023","1.930,4","2.028,6","2.028,6","1.922,2","1,08M","-4,20%"
"02.05.2023","2.015,0","2.075,0","2.099,0","1.980,0","1,01M","-2,69%"
"28.04.2023","2.070,6","2.102,0","2.108,0","2.050,2","626,66K","-1,48%"
"27.04.2023","2.101,6","2.123,2","2.159,0","2.082,0","1,69M","-0,54%"
"26.04.2023","2.113,0","2.063,0","2.125,0","2.059,6","1,09M","2,60%"
"25.04.2023","2.059,4","2.087,4","2.088,2","2.044,0","408,51K","-0,99%"
"24.04.2023","2.080,0","2.087,0","2.108,2","2.065,8","506,60K","-0,33%"
"21.04.2023","2.086,8","2.106,6","2.128,6","2.062,0","1,23M","-0,56%"
"20.04.2023","2.098,6","1.996,2","2.100,0","1.963,2","1,93M","5,48%"
"19.04.2023","1.989,6","1.987,0","2.028,2","1.962,0","1,01M","0,41%"
"18.04.2023","1.981,4","1.970,0","1.985,0","1.953,0","422,96K","0,84%"
"17.04.2023","1.964,8","1.955,0","1.980,0","1.948,0","334,70K","1,02%"
"14.04.2023","1.945,0","1.957,0","1.959,6","1.940,0","178,52K","-0,46%"
"13.04.2023","1.954,0","1.959,4","1.966,8","1.942,0","243,76K","0,02%"
"12.04.2023","1.953,6","1.962,0","1.969,8","1.935,2","309,95K","0,07%"
"11.04.2023","1.952,2","1.998,0","2.019,0","1.927,8","1,08M","-2,05%"
"10.04.2023","1.993,0","1.925,0","1.998,2","1.922,2","1,39M","3,81%"
"07.04.2023","1.919,8","1.917,0","1.925,0","1.910,4","196,36K","0,37%"
"06.04.2023","1.912,8","1.907,2","1.934,0","1.906,2","422,19K","0,29%"
"05.04.2023","1.907,2","1.905,8","1.909,0","1.892,0","201,80K","0,12%"
"04.04.2023","1.905,0","1.917,0","1.925,0","1.896,4","345,79K","-0,42%"
"03.04.2023","1.913,0","1.910,6","1.919,0","1.902,6","225,47K","0,60%"
"31.03.2023","1.901,6","1.924,0","1.924,0","1.888,4","304,84K","-0,82%"
"30.03.2023","1.917,4","1.919,6","1.926,4","1.911,0","230,39K","-0,11%"
"29.03.2023","1.919,6","1.932,4","1.936,8","1.907,0","271,67K","-0,52%"
"28.03.2023","1.929,6","1.923,6","1.947,0","1.920,8","353,81K","0,52%"
"27.03.2023","1.919,6","1.888,4","1.920,0","1.888,4","370,71K","1,76%"
"24.03.2023","1.886,4","1.905,0","1.909,0","1.880,0","183,60K","-0,82%"
"23.03.2023","1.902,0","1.886,2","1.907,6","1.885,2","264,22K","0,75%"
"22.03.2023","1.887,8","1.885,0","1.903,4","1.866,6","368,75K","0,01%"
"21.03.2023","1.887,6","1.915,0","1.920,0","1.866,0","464,58K","-1,17%"
"20.03.2023","1.910,0","1.900,0","1.915,0","1.881,0","666,19K","0,63%"
"17.03.2023","1.898,0","1.859,8","1.899,2","1.847,2","674,29K","2,54%"
"16.03.2023","1.851,0","1.855,0","1.882,0","1.812,0","1,27M","-0,71%"
"15.03.2023","1.864,2","1.906,8","1.910,8","1.860,0","544,15K","-1,95%"
"14.03.2023","1.901,2","1.912,2","1.913,8","1.886,0","384,09K","-0,33%"
"13.03.2023","1.907,4","1.919,4","1.939,6","1.880,4","680,35K","-0,50%"
"10.03.2023","1.917,0","1.933,8","1.940,0","1.911,0","481,03K","-1,29%"
"09.03.2023","1.942,0","1.962,0","1.970,4","1.935,4","465,67K","-1,01%"
"07.03.2023","1.961,8","1.974,8","1.978,6","1.956,2","338,37K","-0,57%"
"06.03.2023","1.973,0","1.996,0","1.999,2","1.964,0","591,45K","-0,56%"
"03.03.2023","1.984,2","1.970,4","1.991,2","1.932,4","355,87K","0,68%"
"02.03.2023","1.970,8","2.037,8","2.037,8","1.955,2","1,22M","-3,10%"
"01.03.2023","2.033,8","2.016,0","2.040,0","2.015,0","343,55K","0,93%"
"28.02.2023","2.015,0","2.015,0","2.036,0","2.010,0","354,00K","0,38%"
"27.02.2023","2.007,4","1.948,0","2.025,0","1.930,2","669,64K","1,05%"
"24.02.2023","1.986,6","1.986,4","1.998,2","1.980,4","144,99K","0,31%"
"22.02.2023","1.980,4","1.998,6","1.999,6","1.969,8","242,29K","-0,67%"
"21.02.2023","1.993,8","1.970,0","2.034,8","1.960,0","821,23K","1,83%"
"20.02.2023","1.958,0","1.963,0","1.968,0","1.913,0","449,06K","-0,66%"
"17.02.2023","1.971,0","1.975,0","1.987,8","1.956,0","332,34K","-0,27%"
"16.02.2023","1.976,4","1.980,0","2.023,0","1.958,0","626,50K","0,37%"
"15.02.2023","1.969,2","2.030,2","2.048,0","1.921,6","1,84M","-2,93%"
"14.02.2023","2.028,6","2.064,8","2.065,0","1.994,0","796,13K","-1,77%"
"13.02.2023","2.065,2","2.071,0","2.092,4","2.057,8","399,73K","0,21%"
"10.02.2023","2.060,8","2.046,2","2.065,2","2.032,8","322,54K","1,00%"
"09.02.2023","2.040,4","2.057,2","2.058,6","2.032,0","246,71K","-0,96%"
"08.02.2023","2.060,2","2.080,6","2.080,6","2.036,0","421,58K","-0,79%"
"07.02.2023","2.076,6","2.090,0","2.104,2","2.061,0","442,89K","-0,86%"
"06.02.2023","2.094,6","2.070,0","2.108,0","2.070,0","764,67K","1,89%"
"03.02.2023","2.055,8","2.074,8","2.074,8","2.025,0","538,46K","-0,93%"
"02.02.2023","2.075,0","2.099,8","2.102,6","2.055,0","420,35K","-0,62%"
"01.02.2023","2.088,0","2.050,0","2.128,0","2.036,2","1,73M","1,99%"
"31.01.2023","2.047,2","1.938,6","2.047,4","1.934,0","1,19M","5,85%"
"30.01.2023","1.934,0","1.912,0","1.938,6","1.912,0","188,92K","1,15%"
"27.01.2023","1.912,0","1.900,0","1.916,0","1.897,6","154,61K","0,48%"
"26.01.2023","1.902,8","1.910,0","1.924,8","1.885,0","250,60K","-0,63%"
"25.01.2023","1.914,8","1.920,2","1.927,6","1.897,2","237,59K","-0,26%"
"24.01.2023","1.919,8","1.949,6","1.959,8","1.912,2","422,88K","-1,30%"
"23.01.2023","1.945,0","1.910,0","1.948,0","1.903,2","338,80K","2,11%"
"20.01.2023","1.904,8","1.877,8","1.913,8","1.871,2","308,45K","1,19%"
"19.01.2023","1.882,4","1.910,0","1.914,0","1.873,2","196,33K","-1,27%"
"18.01.2023","1.906,6","1.889,0","1.931,8","1.872,8","408,58K","0,90%"
"17.01.2023","1.889,6","1.959,0","1.959,0","1.869,8","533,20K","-3,29%"
"16.01.2023","1.953,8","1.925,6","1.955,0","1.923,0","314,69K","2,19%"
"13.01.2023","1.912,0","1.900,0","1.914,6","1.883,4","208,34K","0,75%"
"12.01.2023","1.897,8","1.909,0","1.914,8","1.886,8","203,03K","-0,59%"
"11.01.2023","1.909,0","1.874,8","1.909,6","1.873,0","307,07K","2,09%"
"10.01.2023","1.870,0","1.869,8","1.873,8","1.855,0","195,54K","0,17%"
"09.01.2023","1.866,8","1.855,8","1.874,2","1.850,0","216,52K","0,89%"
"06.01.2023","1.850,4","1.856,0","1.864,4","1.845,0","74,73K","-0,27%"
"05.01.2023","1.855,4","1.871,0","1.886,8","1.841,2","156,87K","-0,62%"
"04.01.2023","1.867,0","1.832,0","1.877,0","1.827,2","221,87K","1,91%"
"03.01.2023","1.832,0","1.817,0","1.839,0","1.805,8","210,14K","0,78%"
"30.12.2022","1.817,8","1.812,2","1.823,0","1.791,0","370,92K","-0,10%"
"29.12.2022","1.819,6","1.816,6","1.828,2","1.806,2","233,79K","0,21%"
"28.12.2022","1.815,8","1.822,8","1.846,0","1.811,0","349,57K","-0,99%"
"27.12.2022","1.834,0","1.817,2","1.849,6","1.797,2","356,24K","1,25%"
"26.12.2022","1.811,4","1.826,0","1.829,8","1.793,0","393,80K","-0,54%"
"23.12.2022","1.821,2","1.847,0","1.847,0","1.811,0","401,52K","-1,40%"
"22.12.2022","1.847,0","1.836,4","1.865,0","1.810,0","425,06K","0,72%"
"21.12.2022","1.833,8","1.856,0","1.878,0","1.791,2","522,60K","-0,45%"
"20.12.2022","1.842,0","1.764,6","1.845,0","1.764,6","510,00K","4,14%"
"19.12.2022","1.768,8","1.830,0","1.834,8","1.762,4","583,81K","-3,68%"
"16.12.2022","1.836,4","1.854,8","1.862,2","1.830,8","255,84K","-0,71%"
"15.12.2022","1.849,6","1.850,0","1.883,0","1.823,6","567,68K","-0,08%"
"14.12.2022","1.851,0","1.900,0","1.900,0","1.826,4","749,29K","-2,54%"
"13.12.2022","1.899,2","1.926,0","1.927,0","1.881,0","489,65K","-1,18%"
"12.12.2022","1.921,8","1.950,8","1.959,6","1.910,0","279,45K","-1,42%"
"09.12.2022","1.949,4","1.950,2","1.963,0","1.933,0","193,63K","-0,46%"
"08.12.2022","1.958,4","1.976,6","1.984,8","1.940,8","312,45K","-0,91%"
"07.12.2022","1.976,4","1.989,4","1.989,8","1.962,0","218,53K","-0,65%"
"06.12.2022","1.989,4","1.988,0","2.000,0","1.961,6","367,31K","0,18%"
"05.12.2022","1.985,8","1.963,2","2.004,4","1.963,2","601,60K","0,74%"
"02.12.2022","1.971,2","1.980,2","1.980,2","1.957,2","268,38K","-0,45%"
"01.12.2022","1.980,2","2.000,0","2.003,6","1.960,0","412,84K","-0,82%"
"30.11.2022","1.996,6","1.988,0","2.014,6","1.954,8","763,50K","0,52%"
"29.11.2022","1.986,2","1.918,8","1.992,0","1.916,4","1,18M","3,76%"
"28.11.2022","1.914,2","1.995,0","1.995,6","1.885,8","2,25M","-5,26%"
"25.11.2022","2.020,4","2.120,0","2.153,0","2.006,0","1,93M","-5,15%"
"24.11.2022","2.130,0","2.151,0","2.154,6","2.108,4","346,23K","-0,23%"
"23.11.2022","2.135,0","2.092,8","2.159,4","2.061,0","669,57K","2,46%"
"22.11.2022","2.083,8","2.067,6","2.095,2","2.050,0","202,49K","0,76%"
"21.11.2022","2.068,0","2.091,0","2.102,4","2.038,0","378,46K","-1,44%"
"18.11.2022","2.098,2","2.097,0","2.110,4","2.065,0","232,00K","0,02%"
"17.11.2022","2.097,8","2.120,0","2.128,6","2.081,2","185,22K","-0,78%"
"16.11.2022","2.114,2","2.089,0","2.124,0","2.066,0","327,22K","2,06%"
"15.11.2022","2.071,6","2.140,0","2.184,0","1.950,0","1,06M","-2,85%"
"14.11.2022","2.132,4","2.122,2","2.150,0","2.102,6","318,11K","0,48%"
"11.11.2022","2.122,2","2.119,8","2.139,6","2.111,8","328,60K","0,50%"
"10.11.2022","2.111,6","2.060,4","2.129,0","2.040,0","492,25K","2,48%"
"09.11.2022","2.060,4","2.130,0","2.130,0","2.035,4","607,69K","-3,16%"
"08.11.2022","2.127,6","2.155,0","2.165,0","2.111,2","343,98K","-1,12%"
"07.11.2022","2.151,6","2.146,0","2.162,0","2.130,0","576,83K","1,54%"
"03.11.2022","2.119,0","2.110,0","2.134,0","2.080,0","805,08K","0,43%"
"02.11.2022","2.110,0","2.160,0","2.165,0","2.055,0","575,12K","-2,18%"
"01.11.2022","2.157,0","2.119,0","2.160,0","2.097,0","749,91K","2,28%"
"31.10.2022","2.109,0","2.030,0","2.109,0","2.025,0","804,93K","4,31%"
"28.10.2022","2.021,8","2.011,4","2.026,8","1.962,8","473,01K","0,04%"
"27.10.2022","2.021,0","2.018,2","2.038,6","2.002,6","415,44K","0,65%"
"26.10.2022","2.008,0","2.030,0","2.036,8","1.984,8","463,94K","-0,60%"
"25.10.2022","2.020,2","1.976,0","2.026,8","1.957,0","471,86K","2,37%"
"24.10.2022","1.973,4","1.982,0","2.012,0","1.950,8","353,62K","-0,13%"
"21.10.2022","1.976,0","1.929,0","1.982,4","1.910,8","446,82K","2,45%"
"20.10.2022","1.928,8","1.935,0","1.955,2","1.907,0","540,15K","0,07%"
"19.10.2022","1.927,4","1.968,0","1.995,0","1.871,6","1,43M","-2,06%"
"18.10.2022","1.968,0","2.034,4","2.045,0","1.953,4","610,81K","-2,68%"
"17.10.2022","2.022,2","2.001,0","2.024,6","1.983,6","475,37K","1,57%"
"14.10.2022","1.991,0","2.039,0","2.052,0","1.967,2","867,57K","-2,02%"
"13.10.2022","2.032,0","2.044,2","2.089,0","2.005,6","1,08M","-0,59%"
"12.10.2022","2.044,0","2.019,8","2.058,8","1.986,0","837,65K","1,86%"
"11.10.2022","2.006,6","2.003,0","2.037,8","1.986,0","849,35K","0,43%"
"10.10.2022","1.998,0","1.810,0","1.999,8","1.810,0","1,43M","3,51%"
"07.10.2022","1.930,2","1.993,0","1.995,4","1.913,0","932,73K","-3,70%"
"06.10.2022","2.004,4","2.043,8","2.056,0","1.977,0","893,39K","-1,25%"
"05.10.2022","2.029,8","1.987,0","2.059,4","1.940,4","1,99M","2,26%"
"04.10.2022","1.985,0","1.968,0","2.004,0","1.901,0","1,25M","1,33%"
"03.10.2022","1.959,0","1.878,0","1.959,6","1.868,0","937,16K","4,34%"
"30.09.2022","1.877,6","1.840,0","1.940,0","1.801,2","2,26M","2,01%"
"29.09.2022","1.840,6","1.802,4","1.880,0","1.756,0","1,82M","3,40%"
"28.09.2022","1.780,0","1.713,2","1.796,0","1.669,2","1,81M","3,90%"
"27.09.2022","1.713,2","1.575,0","1.715,0","1.575,0","1,71M","11,03%"
"26.09.2022","1.543,0","1.750,2","1.762,0","1.505,0","2,24M","-13,89%"
"23.09.2022","1.791,8","1.923,0","1.923,0","1.750,0","1,52M","-6,52%"
"22.09.2022","1.916,8","1.902,6","1.969,8","1.892,4","978,68K","0,92%"
"21.09.2022","1.899,4","1.782,2","1.978,0","1.688,6","2,23M","-5,50%"
"20.09.2022","2.010,0","2.240,0","2.254,0","1.890,0","3,60M","-9,87%"
"19.09.2022","2.230,0","2.206,2","2.250,0","2.198,0","513,65K","1,09%"
"16.09.2022","2.206,0","2.184,8","2.238,0","2.175,0","781,49K","1,30%"
"15.09.2022","2.177,6","2.166,2","2.195,0","2.151,2","421,39K","0,47%"
"14.09.2022","2.167,4","2.193,2","2.193,2","2.109,4","522,54K","-1,10%"
"13.09.2022","2.191,4","2.160,0","2.206,6","2.142,4","787,67K","1,99%"
"12.09.2022","2.148,6","2.089,8","2.181,6","2.078,0","798,46K","2,66%"
"09.09.2022","2.093,0","2.071,0","2.095,0","2.042,0","243,67K","1,41%"
"08.09.2022","2.064,0","2.076,0","2.095,0","2.036,0","304,25K","-0,58%"
"07.09.2022","2.076,0","2.071,0","2.105,6","2.034,0","386,74K","0,29%"
"06.09.2022","2.070,0","2.156,0","2.183,0","2.007,2","856,70K","-3,94%"
"05.09.2022","2.155,0","2.158,0","2.160,0","2.121,6","211,32K","0,23%"
"02.09.2022","2.150,0","2.177,2","2.180,0","2.116,0","424,21K","-1,29%"
"01.09.2022","2.178,0","2.184,0","2.195,4","2.150,4","301,05K","0,34%"
"31.08.2022","2.170,6","2.198,0","2.236,0","2.111,2","695,21K","-0,89%"
"30.08.2022","2.190,0","2.108,0","2.205,0","2.096,0","1,02M","4,04%"
"29.08.2022","2.105,0","2.100,0","2.112,0","2.081,8","282,67K","0,24%"
"26.08.2022","2.100,0","2.119,4","2.130,0","2.089,4","310,17K","-0,89%"
"25.08.2022","2.118,8","2.087,0","2.120,0","2.085,0","425,45K","1,61%"
"24.08.2022","2.085,2","2.095,0","2.123,0","2.070,0","536,35K","0,14%"
"23.08.2022","2.082,2","2.011,0","2.089,0","2.011,0","757,78K","3,80%"
"22.08.2022","2.006,0","1.936,6","2.022,0","1.920,4","578,82K","3,58%"
"19.08.2022","1.936,6","1.964,0","1.965,0","1.920,0","191,73K","-1,50%"
"18.08.2022","1.966,0","1.960,0","1.975,0","1.943,0","208,42K","0,41%"
"17.08.2022","1.958,0","1.940,0","1.979,2","1.930,2","317,21K","1,19%"
"16.08.2022","1.935,0","1.917,8","1.940,8","1.901,0","226,93K","1,63%"
"15.08.2022","1.904,0","1.908,0","1.933,0","1.872,2","350,69K","0,05%"
"12.08.2022","1.903,0","1.915,6","1.948,8","1.888,8","509,68K","-0,66%"
"11.08.2022","1.915,6","1.980,0","2.014,4","1.901,0","571,32K","-2,85%"
"10.08.2022","1.971,8","1.944,6","1.989,0","1.930,2","393,81K","1,41%"
"09.08.2022","1.944,4","1.933,0","1.949,0","1.887,6","429,52K","0,59%"
"08.08.2022","1.933,0","1.984,0","1.985,6","1.893,0","921,07K","5,23%"
"05.08.2022","1.837,0","2.032,0","2.032,0","1.811,2","1,36M","-8,15%"
"04.08.2022","2.000,0","1.985,0","2.032,0","1.975,0","707,57K","2,25%"
"03.08.2022","1.956,0","1.898,0","1.986,2","1.895,0","710,25K","3,43%"
"02.08.2022","1.891,2","1.923,0","1.948,0","1.860,2","643,45K","-1,82%"
"01.08.2022","1.926,2","1.948,0","1.973,0","1.852,2","981,25K","-1,32%"
"29.07.2022","1.952,0","2.055,0","2.078,0","1.950,0","1,29M","-5,38%"
"28.07.2022","2.063,0","2.096,0","2.109,0","2.038,0","570,96K","-0,43%"
"27.07.2022","2.072,0","2.149,0","2.150,0","2.020,0","1,81M","-3,00%"
"26.07.2022","2.136,0","1.994,0","2.170,0","1.975,2","2,86M","8,26%"
"25.07.2022","1.973,0","1.827,0","1.978,8","1.810,0","1,21M","9,61%"
"22.07.2022","1.800,0","1.708,0","1.804,0","1.706,2","607,01K","5,82%"
"21.07.2022","1.701,0","1.720,4","1.733,8","1.658,6","216,73K","-0,84%"
"20.07.2022","1.715,4","1.680,0","1.748,0","1.670,4","439,31K","2,57%"
"19.07.2022","1.672,4","1.698,0","1.705,8","1.645,0","314,10K","-1,39%"
"18.07.2022","1.696,0","1.650,0","1.719,6","1.645,0","436,69K","3,50%"
"15.07.2022","1.638,6","1.625,6","1.642,0","1.602,6","225,79K","1,55%"
"14.07.2022","1.613,6","1.618,0","1.669,0","1.572,0","304,54K","0,85%"
"13.07.2022","1.600,0","1.660,6","1.688,8","1.586,0","239,33K","-3,65%"
"12.07.2022","1.660,6","1.678,0","1.680,6","1.595,0","409,97K","-1,04%"
"11.07.2022","1.678,0","1.706,0","1.740,0","1.660,0","360,34K","-1,53%"
"08.07.2022","1.704,0","1.729,0","1.739,4","1.685,4","262,13K","-0,41%"
"07.07.2022","1.711,0","1.660,0","1.729,0","1.660,0","418,76K","3,38%"
"06.07.2022","1.655,0","1.720,6","1.748,0","1.634,8","400,94K","-2,73%"
"05.07.2022","1.701,4","1.680,0","1.742,0","1.660,0","358,31K","2,49%"
"04.07.2022","1.660,0","1.604,6","1.688,0","1.571,8","317,03K","4,01%"
"01.07.2022","1.596,0","1.595,2","1.627,0","1.552,0","215,29K","-0,49%"
"30.06.2022","1.603,8","1.710,0","1.730,0","1.565,8","490,00K","-6,32%"
"29.06.2022","1.712,0","1.748,8","1.748,8","1.666,2","310,18K","-2,17%"
"28.06.2022","1.750,0","1.781,0","1.781,2","1.731,2","396,26K","-1,63%"
"27.06.2022","1.779,0","1.660,0","1.779,0","1.645,2","523,23K","8,15%"
"24.06.2022","1.645,0","1.665,0","1.680,0","1.610,4","246,01K","-1,02%"
"23.06.2022","1.662,0","1.604,6","1.669,0","1.581,0","460,81K","3,88%"
"22.06.2022","1.600,0","1.525,0","1.600,0","1.500,4","331,68K","4,32%"
"21.06.2022","1.533,8","1.574,8","1.629,0","1.531,2","592,52K","-1,73%"
"20.06.2022","1.560,8","1.468,0","1.566,0","1.467,8","570,14K","6,54%"
"17.06.2022","1.465,0","1.472,0","1.511,4","1.433,4","454,57K","0,60%"
"16.06.2022","1.456,2","1.404,0","1.457,0","1.390,0","474,18K","4,76%"
"15.06.2022","1.390,0","1.398,6","1.407,8","1.380,2","239,64K","0,29%"
"14.06.2022","1.386,0","1.360,0","1.429,2","1.360,0","324,92K","-1,06%"
"10.06.2022","1.400,8","1.390,0","1.470,0","1.350,0","492,97K","-0,04%"
"09.06.2022","1.401,4","1.456,6","1.461,2","1.382,0","379,50K","-3,76%"
"08.06.2022","1.456,2","1.470,0","1.495,0","1.441,4","370,12K","1,27%"
"07.06.2022","1.438,0","1.397,8","1.442,6","1.333,0","760,61K","2,73%"
"06.06.2022","1.399,8","1.513,0","1.525,6","1.385,0","904,10K","-6,49%"
"03.06.2022","1.497,0","1.593,0","1.620,0","1.366,4","1,37M","-5,97%"
"02.06.2022","1.592,0","1.590,8","1.607,6","1.564,6","204,05K","0,38%"
"01.06.2022","1.586,0","1.566,8","1.623,0","1.559,0","226,67K","1,16%"
"31.05.2022","1.567,8","1.591,0","1.602,0","1.550,4","152,00K","-1,87%"
"30.05.2022","1.597,6","1.654,0","1.663,0","1.592,2","214,29K","-2,82%"
"27.05.2022","1.644,0","1.700,0","1.705,0","1.630,0","221,09K","-1,56%"
"26.05.2022","1.670,0","1.618,0","1.708,6","1.608,0","461,18K","3,86%"
"25.05.2022","1.608,0","1.594,0","1.636,0","1.572,0","187,77K","1,13%"
"24.05.2022","1.590,0","1.592,0","1.629,0","1.530,2","197,07K","-0,18%"
"23.05.2022","1.592,8","1.636,0","1.673,8","1.570,6","199,41K","-3,23%"
"20.05.2022","1.646,0","1.722,0","1.733,4","1.600,0","261,10K","-3,46%"
"19.05.2022","1.705,0","1.700,0","1.713,0","1.640,0","203,90K","-0,63%"
"18.05.2022","1.715,8","1.707,8","1.795,0","1.701,8","321,63K","0,87%"
"17.05.2022","1.701,0","1.653,0","1.707,0","1.649,8","204,92K","3,83%"
"16.05.2022","1.638,2","1.618,0","1.679,0","1.562,0","266,04K","2,84%"
"13.05.2022","1.593,0","1.604,6","1.624,6","1.574,2","121,15K","-0,06%"
"12.05.2022","1.594,0","1.694,8","1.694,8","1.543,6","259,93K","-4,97%"
"11.05.2022","1.677,4","1.688,0","1.728,6","1.634,0","255,65K","-0,63%"
"06.05.2022","1.688,0","1.734,0","1.734,0","1.655,0","200,40K","-2,68%"
"05.05.2022","1.734,4","1.719,0","1.751,8","1.703,0","187,67K","2,08%"
"04.05.2022","1.699,0","1.792,2","1.813,6","1.684,2","368,60K","-3,83%"
"29.04.2022","1.766,6","1.735,0","1.817,6","1.734,2","395,09K","2,65%"
"28.04.2022","1.721,0","1.767,0","1.928,6","1.717,0","1,23M","-1,58%"
"27.04.2022","1.748,6","1.620,0","1.770,0","1.587,0","915,37K","9,23%"
"26.04.2022","1.600,8","1.520,8","1.628,0","1.500,0","981,42K","5,26%"
"25.04.2022","1.520,8","1.692,0","1.698,0","1.520,0","818,75K","-10,12%"
"22.04.2022","1.692,0","1.670,0","1.695,0","1.532,0","1,14M","2,79%"
"21.04.2022","1.646,0","1.794,6","1.808,6","1.642,8","970,85K","-8,03%"
"20.04.2022","1.789,8","1.867,0","1.890,0","1.782,4","781,64K","-3,65%"
"19.04.2022","1.857,6","1.885,2","1.910,6","1.732,2","784,35K","-1,20%"
"18.04.2022","1.880,2","1.998,0","2.019,2","1.871,2","419,97K","-5,02%"
"15.04.2022","1.979,6","1.955,4","1.996,0","1.900,2","343,21K","1,77%"
"14.04.2022","1.945,2","2.088,0","2.099,2","1.943,0","511,34K","-6,84%"
"13.04.2022","2.088,0","2.088,0","2.115,0","2.050,0","244,64K","0,68%"
"12.04.2022","2.074,0","2.097,0","2.115,0","1.980,8","472,51K","-1,10%"
"11.04.2022","2.097,0","2.120,0","2.160,0","2.071,0","429,68K","-0,85%"
"08.04.2022","2.115,0","2.173,8","2.188,6","2.075,0","626,34K","-0,70%"
"07.04.2022","2.130,0","2.071,0","2.246,2","2.071,0","1,41M","2,86%"
"06.04.2022","2.070,8","2.109,0","2.145,0","2.025,0","1,40M","-4,06%"
"05.04.2022","2.158,4","2.295,4","2.340,0","2.020,0","1,73M","-5,54%"
"04.04.2022","2.285,0","2.370,0","2.420,0","2.201,0","1,78M","-1,72%"
"01.04.2022","2.325,0","2.299,4","2.460,0","2.280,0","2,15M","2,92%"
"31.03.2022","2.259,0","2.233,0","2.290,0","2.155,0","1,68M","4,87%"
"30.03.2022","2.154,0","2.100,0","2.250,0","2.025,0","1,78M","6,63%"
"29.03.2022","2.020,0","2.010,0","2.173,0","1.932,0","2,59M","4,60%"
"25.02.2022","1.931,2","1.949,8","2.385,0","1.900,0","5,76M","-2,95%"